Date,Ticker,Type,Px,Shares,Notional,R_PnL,R_Leg
2023-01-03,HALKB.IS,ENTRY,13.816905419826506,813.0,11233.14410631895,0.0,0.0
2023-01-03,ISCTR.IS,ENTRY,5.242619771003723,2368.0,12414.523617736815,0.0,0.0
2023-01-03,ASELS.IS,ENTRY,32.54126402664184,229.0,7451.949462100982,0.0,0.0
2023-01-05,HALKB.IS,Stop,12.581134377764418,813.0,10228.46224912247,-1.005119015944816,-1.005119015944816
2023-01-05,ISCTR.IS,Stop,4.817983700550458,2368.0,11408.985402903485,-1.005708311830216,-1.005708311830216
2023-01-05,ULKER.IS,ENTRY,47.52375,134.0,6368.1825,0.0,0.0
2023-01-05,KRDMD.IS,ENTRY,19.869930610656738,335.0,6656.426754570007,0.0,0.0
2023-01-06,KRDMD.IS,Stop,17.676387799190465,335.0,5921.589912728806,-1.0040475188414126,-1.0040475188414129
2023-01-06,ENKAI.IS,ENTRY,31.515749999999997,435.0,13709.351249999998,0.0,0.0
2023-01-09,ENKAI.IS,TP1,34.745982807346905,145.0,5038.167507065301,0.6630985743945281,1.9892957231835844
2023-01-10,ULKER.IS,Stop,42.04167237939284,134.0,5633.584098838641,-1.0038511579705898,-1.0038511579705898
2023-01-10,ENKAI.IS,Stop,31.499992125,290.0,9134.99771625,-0.006469517877609743,-0.009704276816414614
2023-01-10,GUBRF.IS,ENTRY,287.2435561065674,32.0,9191.793795410156,0.0,0.0
2023-01-10,ULKER.IS,ENTRY,46.24311122131348,302.0,13965.41958883667,0.0,0.0
2023-01-11,ASELS.IS,Stop,28.176390395897588,229.0,6452.393400660548,-1.00323970599341,-1.00323970599341
2023-01-11,GUBRF.IS,Stop,257.8854503657385,32.0,8252.334411703632,-1.0044136574634404,-1.0044136574634404
2023-01-11,ENKAI.IS,ENTRY,32.83640969467163,304.0,9982.268547180176,0.0,0.0
2023-01-11,GUBRF.IS,ENTRY,270.3351122131348,54.0,14598.096059509278,0.0,0.0
2023-01-12,ENKAI.IS,Stop,30.645318362168872,304.0,9316.176782099337,-1.0070459596829622,-1.0070459596829622
2023-01-12,GUBRF.IS,Stop,258.50947496933014,54.0,13959.511648343827,-1.0110564195398108,-1.0110564195398108
2023-01-17,GUBRF.IS,ENTRY,296.5481938934326,24.0,7117.156653442382,0.0,0.0
2023-01-17,TUPRS.IS,ENTRY,77.32435605239868,127.0,9820.193218654633,0.0,0.0
2023-01-18,ULKER.IS,Stop,43.075000584535495,302.0,13008.65017652972,-1.0068481955696547,-1.0068481955696549
2023-01-18,KRDMD.IS,ENTRY,19.629810839653015,574.0,11267.511421960831,0.0,0.0
2023-01-23,GUBRF.IS,TP1,366.421205962607,8.0,2931.369647700856,0.6649223342118505,1.9947670026355515
2023-01-24,KRDMD.IS,Stop,18.133483757112923,574.0,10408.619676582817,-1.0060993391228856,-1.0060993391228858
2023-01-24,PGSUS.IS,ENTRY,106.95664220809935,111.0,11872.187285099028,0.0,0.0
2023-01-25,TUPRS.IS,TP1,90.49754051705105,42.333333333333336,3831.0625485551614,0.6643834243876073,1.9931502731628217
2023-01-30,GUBRF.IS,Stop,296.3999197964859,16.0,4742.3987167437745,-0.0028219982429652343,-0.004232997364447852
2023-01-30,OYAKC.IS,ENTRY,5.926038645029068,2507.0,14856.578883087872,0.0,0.0
2023-01-31,OYAKC.IS,Stop,5.586526907739946,2507.0,14005.422957704046,-1.0082997298897654,-1.0082997298897651
2023-01-31,FROTO.IS,ENTRY,52.6463089313507,270.0,14214.50341146469,0.0,0.0
2023-02-01,PGSUS.IS,Stop,98.85579675064216,111.0,10972.993439321279,-1.0061421204647207,-1.0061421204647207
2023-02-01,FROTO.IS,Stop,49.92786608396032,270.0,13480.523842669285,-1.0092729655028287,-1.0092729655028287
2023-02-01,GESAN.IS,ENTRY,59.779875,231.0,13809.151124999999,0.0,0.0
2023-02-02,TUPRS.IS,Stop,77.28569387437248,84.66666666666666,6543.522081363536,-0.003899817891452899,-0.005849726837179349
2023-02-02,GESAN.IS,Stop,57.789000647709386,231.0,13349.259149620868,-1.0147346914671616,-1.0147346914671616
2023-02-03,FROTO.IS,ENTRY,51.05551377868652,259.0,13223.378068679807,0.0,0.0
2023-02-06,FROTO.IS,TP1,53.33618179465071,86.33333333333333,4604.690361604845,0.6589575521699028,1.9768726565097086
2023-02-06,TUPRS.IS,ENTRY,82.89856815719604,162.0,13429.568041465758,0.0,0.0
2023-02-06,PGSUS.IS,ENTRY,102.35085535812378,131.0,13407.962051914215,0.0,0.0
2023-02-07,FROTO.IS,Stop,51.02998602179718,172.66666666666669,8811.177586430314,-0.014751562326861102,-0.02212734349029165
2023-02-07,TUPRS.IS,Stop,80.68347651926483,162.0,13070.723196120902,-1.0185595105782348,-1.0185595105782348
2023-02-07,PGSUS.IS,TP1,103.53276133521692,43.666666666666664,4520.930578304472,0.6386791223638247,1.9160373670914743
2023-02-07,FROTO.IS,ENTRY,53.62679847335815,252.0,13513.953215286254,0.0,0.0
2023-02-07,TUPRS.IS,ENTRY,82.41261515808105,164.0,13515.668885925294,0.0,0.0
2023-02-15,PGSUS.IS,Stop,102.29967993044473,87.33333333333334,8934.17204725884,-0.05530842193900995,-0.08296263290851491
2023-02-15,OYAKC.IS,ENTRY,7.02915378499031,481.0,3381.022970580339,0.0,0.0
2023-02-20,TUPRS.IS,TP2,87.15460715356767,54.666666666666664,4764.451857728365,0.9908895051353297,2.972668515405989
2023-02-22,TUPRS.IS,TP1,85.56020771921246,54.666666666666664,4677.291355316947,0.6577228384686643,1.973168515405993
2023-02-22,OYAKC.IS,TP1,9.86192731888295,160.33333333333334,1581.1956801275664,0.6655076486198775,1.9965229458596323
2023-03-06,FROTO.IS,TP1,59.90334275010398,84.0,5031.880791008734,0.6634988659574064,1.9904965978722193
2023-03-07,FROTO.IS,TP2,63.05502158809524,84.0,5296.6218134,0.9966655326240732,2.98999659787222
2023-03-08,OYAKC.IS,TP2,11.280071374275515,160.33333333333334,1808.5714436755077,0.9986743152865438,2.996022945859631
2023-03-13,TUPRS.IS,Stop,82.37140885050202,54.66666666666668,4502.970350494112,-0.008610494864669348,-0.02583148459400804
2023-03-13,HALKB.IS,ENTRY,12.05602519083023,1213.0,14623.95855647707,0.0,0.0
2023-03-14,HALKB.IS,Stop,11.41012310535548,1213.0,13840.479326796196,-1.0089159129811367,-1.0089159129811367
2023-03-14,KCHOL.IS,ENTRY,84.54225,169.0,14287.640249999999,0.0,0.0
2023-03-15,KCHOL.IS,Stop,80.22851838404245,169.0,13558.619606903174,-1.0093912279598378,-1.0093912279598378
2023-03-15,TOASO.IS,ENTRY,190.39515305328368,51.0,9710.152805717467,0.0,0.0
2023-03-21,TOASO.IS,Stop,177.98769679099743,51.0,9077.372536340868,-1.0072280684370636,-1.0072280684370636
2023-03-21,MGROS.IS,ENTRY,168.7843469467163,54.0,9114.35473512268,0.0,0.0
2023-04-06,MGROS.IS,Stop,153.69191573051992,54.0,8299.363449448076,-1.0051203196930998,-1.0051203196930998
2023-04-06,BIMAS.IS,ENTRY,153.07649999999998,88.0,13470.731999999998,0.0,0.0
2023-04-28,FROTO.IS,Stop,53.59998507412148,84.0,4502.398746226204,-0.0028344673759267145,-0.008503402127780144
2023-05-03,OYAKC.IS,Stop,7.025639208097815,160.3333333333333,1126.4441530316828,-0.000825684713456002,-0.0024770541403680065
2023-05-03,GARAN.IS,ENTRY,27.733859313011166,474.0,13145.849314367293,0.0,0.0
2023-05-04,GARAN.IS,Stop,27.418967378663215,474.0,12996.590537486363,-1.0455426741156666,-1.0455426741156666
2023-05-04,MGROS.IS,ENTRY,176.088,74.0,13030.511999999999,0.0,0.0
2023-05-05,MGROS.IS,Stop,173.95844425389777,74.0,12872.924874788434,-1.042605300847767,-1.042605300847767
2023-05-08,AEFES.IS,ENTRY,6.308152328252792,2081.0,13127.26499509406,0.0,0.0
2023-05-09,GARAN.IS,ENTRY,27.71385076332092,375.0,10392.694036245344,0.0,0.0
2023-05-10,GARAN.IS,TP1,28.845205355179914,125.0,3605.6506693974893,0.6582707779535552,1.9748123338606653
2023-05-11,BIMAS.IS,TP1,171.7649679219413,29.333333333333332,5038.439059043611,0.6636155091672928,1.9908465275018785
2023-05-11,GARAN.IS,TP2,29.41781111380024,125.0,3677.2263892250303,0.9914374446202218,2.9743123338606656
2023-05-12,BIMAS.IS,TP2,181.14747100791195,29.333333333333332,5313.659149565417,0.9967821758339593,2.9903465275018783
2023-05-16,BIMAS.IS,Stop,152.99996174999998,29.33333333333334,4487.998878,-0.0027178241660403887,-0.008153472498121164
2023-05-16,AEFES.IS,Stop,6.258702273505638,2081.0,13024.359431165232,-1.0675944484279654,-1.0675944484279651
2023-05-16,GARAN.IS,Stop,27.69999383793926,125.0,3462.4992297424074,-0.008062555379778274,-0.02418766613933482
2023-05-17,AGHOL.IS,ENTRY,9.60480038166046,1409.0,13533.163737759589,0.0,0.0
2023-05-18,AGHOL.IS,TP1,9.733525337648349,469.6666666666667,4571.512400248841,0.6423682117377792,1.9271046352133376
2023-05-18,GUBRF.IS,ENTRY,232.11599999999999,58.0,13462.728,0.0,0.0
2023-05-23,THYAO.IS,ENTRY,135.56775,99.0,13421.20725,0.0,0.0
2023-05-29,THYAO.IS,TP1,145.6714948943211,33.0,4807.1593315125965,0.6618928351152855,1.9856785053458563
2023-05-30,AGHOL.IS,Stop,9.599997981469631,939.3333333333333,9017.59810392714,-0.04793024319111235,-0.07189536478666853
2023-05-30,GUBRF.IS,TP1,257.69233472606385,19.333333333333332,4982.0518047039,0.6633233640079949,1.989970092023985
2023-05-30,HALKB.IS,ENTRY,12.896445343494415,527.0,6796.426696021556,0.0,0.0
2023-06-02,GUBRF.IS,TP2,270.5385310890958,19.333333333333332,5230.411601055852,0.9964900306746617,2.989470092023985
2023-06-02,THYAO.IS,TP2,150.75725927898168,33.0,4974.989556206396,0.9950595017819527,2.985178505345858
2023-09-07,HALKB.IS,TP1,16.087010943467675,175.66666666666666,2825.9515890691546,0.6649893711407062,1.9949681134221189
2023-11-01,HALKB.IS,Stop,12.889997120822668,351.33333333333337,4528.685655115698,-0.002687924385253799,-0.004031886577880698
2023-11-01,ASELS.IS,ENTRY,41.66081938934326,383.0,15956.09382611847,0.0,0.0
2023-11-02,ASELS.IS,TP1,43.35057829102021,127.66666666666667,5534.423828486914,0.658219172772247,1.9746575183167407
2023-11-06,ASELS.IS,TP2,44.20587294670602,127.66666666666667,5643.616446196136,0.9913858394389133,2.97415751831674
2023-11-13,ASELS.IS,Stop,41.63998897964859,127.66666666666664,5316.03859306847,-0.008114160561086001,-0.02434248168325801
2023-11-13,TUPRS.IS,ENTRY,149.87490305328367,109.0,16336.36443280792,0.0,0.0
2023-12-13,TUPRS.IS,Stop,144.5123334339873,109.0,15751.844344304614,-1.013665127305455,-1.013665127305455
2023-12-13,TTKOM.IS,ENTRY,24.572279465675354,667.0,16389.710403605462,0.0,0.0
2023-12-14,TTKOM.IS,Stop,23.62177631983287,667.0,15755.724805328524,-1.0125886528201917,-1.0125886528201917
2023-12-14,ISCTR.IS,ENTRY,9.10855209159851,1744.0,15885.3148477478,0.0,0.0
2023-12-15,ISCTR.IS,TP1,9.87108137048817,581.3333333333334,5738.388636710457,0.6623772246161127,1.987131673848338
2023-12-25,ISCTR.IS,Stop,9.103997815552711,1162.6666666666665,10584.914793549284,-0.007912217434441872,-0.011868326151662811
2023-12-25,AKBNK.IS,ENTRY,39.03951045799255,350.0,13663.828660297391,0.0,0.0
2023-12-27,AKBNK.IS,Stop,36.386984980658376,350.0,12735.444743230431,-1.006909780840044,-1.0069097808400442
2023-12-27,AEFES.IS,ENTRY,13.05652519083023,849.0,11084.989887014866,0.0,0.0
2024-01-02,GUBRF.IS,WeeklyPartial,154.9225,9.66666666666667,1497.5841666666672,-1.001008405777761,0.0
2024-01-03,GUBRF.IS,WeeklyPartial,173.41325,4.833333333333335,838.164041666667,-0.3806145996247772,0.0
2024-01-04,GUBRF.IS,WeeklyPartial,163.918,2.4166666666666674,396.1351666666668,-0.22108976551533405,0.0
2024-01-05,GUBRF.IS,WeeklyPartial,162.21885305023196,1.2083333333333337,196.014447435697,-0.11329909842895002,0.0
2024-01-08,GUBRF.IS,WeeklyPartial,152.72360305023193,0.6041666666666669,92.27051017618182,-0.0643451656402114,0.0
2024-01-09,GUBRF.IS,WeeklyPartial,152.42375,0.3020833333333334,46.04467447916669,-0.03229409378920455,0.0
2024-01-10,GUBRF.IS,WeeklyPartial,148.9255,0.1510416666666667,22.493955729166675,-0.016855853670656947,0.0
2024-01-11,GUBRF.IS,WeeklyPartial,144.9275,0.07552083333333336,10.945045572916671,-0.008832959278788282,0.0
2024-01-12,GUBRF.IS,WeeklyPartial,140.02995610046386,0.03776041666666668,5.287589488168559,-0.004664561701998044,0.0
2024-01-15,GUBRF.IS,WeeklyPartial,146.32679389953614,0.01888020833333334,2.762680353571972,-0.0021727996354019524,0.0
2024-01-16,GUBRF.IS,WeeklyPartial,138.83054389953614,0.00944010416666667,1.3105747959266112,-0.0011813292966368692,0.0
2024-01-17,GUBRF.IS,WeeklyPartial,137.83104389953613,0.004720052083333335,0.6505697059060138,-0.0005969932802474941,0.0
2024-01-18,GUBRF.IS,WeeklyPartial,136.73160305023194,0.0023600260416666674,0.3226901439173769,-0.00030197735871455186,0.0
2024-01-19,GUBRF.IS,WeeklyPartial,136.83154389953614,0.0011800130208333337,0.16146300346218057,-0.0001508304780441384,0.0
2024-01-22,GUBRF.IS,WeeklyPartial,137.63114694976807,0.0005900065104166668,0.08120327273647614,-7.478237341498176e-05,0.0
2024-01-23,GUBRF.IS,WeeklyPartial,142.9285,0.0002950032552083334,0.04216437276204429,-3.529482617389916e-05,0.0
2024-01-24,GUBRF.IS,WeeklyPartial,138.03095610046387,0.0001475016276041667,0.020359790684577706,-1.8616483643996074e-05,0.0
2024-01-25,GUBRF.IS,WeeklyPartial,138.43075000000002,7.375081380208336e-05,0.010209380467732752,-9.268688475986787e-06,0.0
2024-01-26,GUBRF.IS,WeeklyPartial,139.13039694976808,3.687540690104168e-05,0.005130489999826146,-4.599734683017693e-06,0.0
2024-01-29,GUBRF.IS,WeeklyPartial,148.9255,1.843770345052084e-05,0.0027458442052205414,-2.0575993250313656e-06,0.0
2024-01-30,GUBRF.IS,WeeklyPartial,146.32679389953614,9.21885172526042e-06,0.0013489650163925645,-1.0609373219736096e-06,0.0
2024-01-31,GUBRF.IS,WeeklyPartial,145.72710305023193,4.60942586263021e-06,0.0006717182776859168,-5.341767871753595e-07,0.0
2024-02-01,GUBRF.IS,WeeklyPartial,146.02695610046388,2.304712931315105e-06,0.00033655021404532223,-2.661613384645499e-07,0.0
2024-02-01,AEFES.IS,TP1,15.13492884039893,283.0,4283.184861832897,0.6642469347556638,1.9927408042669912
2024-02-02,GUBRF.IS,WeeklyPartial,147.82604389953613,1.1523564656575524e-06,0.00017034829748020764,-1.302995510148679e-07,0.0
2024-02-05,GUBRF.IS,WeeklyPartial,145.22735305023195,5.761782328287762e-07,8.367683963888343e-05,-6.71583674355588e-08,0.0
2024-02-06,GUBRF.IS,WeeklyPartial,144.5277061004639,2.880891164143881e-07,4.163685914788101e-05,-3.384957086602707e-08,0.0
2024-02-07,GUBRF.IS,WeeklyPartial,143.22835305023193,1.4404455820719405e-07,2.0631264837864674e-05,-1.717586089752859e-08,0.0
2024-02-08,GUBRF.IS,WeeklyPartial,144.32779389953615,7.202227910359703e-08,1.039481665463882e-05,-8.481707347238269e-09,0.0
2024-02-09,GUBRF.IS,WeeklyPartial,161.31929389953615,3.6011139551798514e-08,5.809291605013795e-06,-3.4200319665115e-09,0.0
2024-02-12,GUBRF.IS,WeeklyPartial,164.61764694976807,1.8005569775899257e-08,2.9640345284983986e-06,-1.6303479203615076e-09,0.0
2024-02-13,GUBRF.IS,WeeklyPartial,186.90650000000002,9.002784887949628e-09,1.6826790136595574e-06,-5.459926870417936e-10,0.0
2024-02-14,GUBRF.IS,WeeklyPartial,204.39775,4.501392443974814e-09,9.200744874154531e-07,-1.6737590326807638e-10,0.0
2024-02-15,GUBRF.IS,WeeklyPartial,206.79654389953615,2.250696221987407e-09,4.65436200074739e-07,-7.644542557830208e-11,0.0
2024-02-16,GUBRF.IS,WeeklyPartial,212.59364694976807,1.1253481109937036e-09,2.3924185900418385e-07,-2.947130027780302e-11,0.0
2024-02-19,GUBRF.IS,WeeklyPartial,207.99595610046387,5.626740554968518e-10,1.1703392814599315e-07,-1.8206029125894107e-11,0.0
2024-02-20,GUBRF.IS,WeeklyPartial,198.00095610046387,2.813370277484259e-10,5.570500048065106e-08,-1.2875173143404932e-11,0.0
2024-02-21,GUBRF.IS,WeeklyPartial,204.8975,1.4066851387421294e-10,2.8822626821541546e-08,-5.136193012615939e-12,0.0
2024-02-22,GUBRF.IS,WeeklyPartial,197.70110305023195,7.033425693710647e-11,1.3905160178684379e-08,-3.2470847629975256e-12,0.0
2024-02-23,GUBRF.IS,WeeklyPartial,197.80104389953615,3.5167128468553236e-11,6.9560947220289264e-09,-1.6188276149624809e-12,0.0
2024-02-26,GUBRF.IS,WeeklyPartial,193.90300000000002,1.7583564234276618e-11,3.4095058557189395e-09,-9.013600289834709e-13,0.0
2024-02-27,GUBRF.IS,WeeklyPartial,194.30279389953614,8.791782117138309e-12,1.7082678287159524e-09,-4.459648882143784e-13,0.0
2024-02-28,GUBRF.IS,WeeklyPartial,186.90650000000002,4.3958910585691545e-12,8.216206121384558e-10,-2.6659799171962576e-13,0.0
2024-02-29,GUBRF.IS,WeeklyPartial,183.30829389953615,2.1979455292845772e-12,4.0290164505726883e-10,-1.4390820985440442e-13,0.0
2024-03-01,GUBRF.IS,WeeklyPartial,205.69710305023193,1.0989727646422886e-12,2.2605551401802313e-10,-3.8947703857905506e-14,0.0
2024-03-04,GUBRF.IS,WeeklyPartial,196.10189694976808,5.494863823211443e-13,1.0775532192124191e-10,-2.6546653764074704e-14,0.0
2024-03-04,EKGYO.IS,ENTRY,11.365679656505584,1365.0,15514.152731130122,0.0,0.0
2024-03-06,EKGYO.IS,Stop,10.672853277526777,1365.0,14568.44472382405,-1.007766101745438,-1.0077661017454378
2024-03-06,GOLTS.IS,ENTRY,329.1645,31.0,10204.099499999998,0.0,0.0
2024-03-21,GOLTS.IS,TP1,387.99158696264806,10.333333333333334,4009.24639861403,0.6644743142427789,1.9934229427283365
2024-03-25,GOLTS.IS,TP2,417.4874215689721,10.333333333333334,4314.036689546045,0.9976409809094454,2.9929229427283364
2024-04-05,AEFES.IS,TP2,16.177394796480986,283.0,4578.202727404119,0.9974136014223303,2.992240804266991
2024-10-14,THYAO.IS,WeeklyPartial,264.61762500000003,16.5,4366.190812500001,4.227006349053434,0.0
2024-10-14,GOLTS.IS,WeeklyPartial,362.06887500000005,5.166666666666665,1870.6891874999997,0.18583371319741507,0.0
2024-10-15,THYAO.IS,WeeklyPartial,257.621125,8.25,2125.37428125,1.99891860045738,0.0
2024-10-15,GOLTS.IS,WeeklyPartial,346.07687500000003,2.5833333333333326,894.0319270833331,0.04775792649514139,0.0
2024-10-16,THYAO.IS,WeeklyPartial,266.86650000000003,4.125,1100.8243125000001,1.0751669652387879,0.0
2024-10-16,GOLTS.IS,WeeklyPartial,359.82,1.2916666666666663,464.76749999999987,0.0432831910264467,0.0
2024-10-17,THYAO.IS,WeeklyPartial,269.36525,2.0625,555.565828125,0.5478142481612989,0.0
2024-10-17,GOLTS.IS,WeeklyPartial,368.31575000000004,0.6458333333333331,237.87058854166662,0.027639265917603253,0.0
2024-10-18,THYAO.IS,WeeklyPartial,273.613125,1.03125,282.16353515625,0.2826032747912688,0.0
2024-10-18,GOLTS.IS,WeeklyPartial,371.31425,0.3229166666666666,119.9035598958333,0.014878045383103949,0.0
2024-10-21,THYAO.IS,WeeklyPartial,267.86600000000004,0.515625,138.11840625000002,0.135418947209039,0.0
2024-10-21,GOLTS.IS,WeeklyPartial,361.31925,0.1614583333333333,58.33800390624999,0.0056750019843814226,0.0
2024-10-22,THYAO.IS,WeeklyPartial,270.36475,0.2578125,69.70341210937501,0.06898831929725763,0.0
2024-10-22,GOLTS.IS,WeeklyPartial,369.065375,0.08072916666666664,29.794340169270825,0.0035210590162193006,0.0
2024-10-23,THYAO.IS,WeeklyPartial,275.11237500000004,0.12890625,35.46370458984376,0.03570906305673005,0.0
2024-10-23,GOLTS.IS,WeeklyPartial,372.81350000000003,0.04036458333333332,15.048461588541663,0.00192590644940689,0.0
2024-10-24,THYAO.IS,WeeklyPartial,269.865,0.064453125,17.393642578125,0.017183137539677495,0.0
2024-10-24,GOLTS.IS,WeeklyPartial,370.31475,0.02018229166666666,7.473800292968748,0.0009078275776043647,0.0
2024-10-25,THYAO.IS,WeeklyPartial,272.613625,0.0322265625,8.785400024414063,0.008767410052590243,0.0
2024-10-25,GOLTS.IS,WeeklyPartial,377.061375,0.01009114583333333,3.8049813232421865,0.0005283334123859399,0.0
2024-10-28,THYAO.IS,WeeklyPartial,278.36075,0.01611328125,4.485305053710937,0.004567539094626228,0.0
2024-10-28,AEFES.IS,WeeklyPartial,19.740125000000003,141.5,2793.2276875000002,1.0680217693266265,0.0
2024-10-28,GOLTS.IS,WeeklyPartial,396.80150000000003,0.005045572916666665,2.002090901692708,0.00037303985921365257,0.0
2024-10-30,THYAO.IS,WeeklyPartial,277.611125,0.008056640625,2.236613067626953,0.0022717803689436943,0.0
2024-10-30,AEFES.IS,WeeklyPartial,19.29034923744202,70.75,1364.792208549023,0.4980743894030531,0.0
2024-10-30,GOLTS.IS,WeeklyPartial,390.8045,0.0025227864583333326,0.985916300455729,0.00016998223547710234,0.0
2024-10-31,THYAO.IS,WeeklyPartial,277.611125,0.0040283203125,1.1183065338134766,0.0011358901844718472,0.0
2024-10-31,AEFES.IS,WeeklyPartial,19.29034923744202,35.375,682.3961042745115,0.24903719470152655,0.0
2024-10-31,GOLTS.IS,WeeklyPartial,393.30325000000005,0.0012613932291666663,0.4961100565592447,8.843647068224367e-05,0.0
2024-11-01,THYAO.IS,WeeklyPartial,272.8635,0.00201416015625,0.5495907897949218,0.0005489622264843418,0.0
2024-11-01,AEFES.IS,WeeklyPartial,19.20039408493042,17.6875,339.6069703772068,0.12272177258775023,0.0
2024-11-01,GOLTS.IS,WeeklyPartial,418.54062500000003,0.0006306966145833332,0.26397215525309237,6.161726770676887e-05,0.0
2024-11-04,THYAO.IS,WeeklyPartial,271.86400000000003,0.001007080078125,0.273788818359375,0.00027248291684726765,0.0
2024-11-04,AEFES.IS,WeeklyPartial,19.09045038127899,8.84375,168.8311705594361,0.060262841525217846,0.0
2024-11-04,GOLTS.IS,WeeklyPartial,422.7885,0.0003153483072916666,0.13332563781738277,3.2272908854453724e-05,0.0
2024-11-05,THYAO.IS,WeeklyPartial,272.113875,0.0005035400390625,0.13702023124694823,0.0001364912329729967,0.0
2024-11-05,AEFES.IS,WeeklyPartial,18.12093416118622,4.421875,80.12850574399532,0.025289978377802558,0.0
2024-11-05,GOLTS.IS,WeeklyPartial,420.78950000000003,0.0001576741536458333,0.06634762827555338,1.5791919132857618e-05,0.0
2024-11-06,THYAO.IS,WeeklyPartial,272.8635,0.00025177001953125,0.06869884872436523,6.862027831054272e-05,0.0
2024-11-06,AEFES.IS,WeeklyPartial,18.090950381278994,2.2109375,39.99796060860903,0.01257012466374374,0.0
2024-11-06,GOLTS.IS,WeeklyPartial,420.28975,7.883707682291664e-05,0.03313441530863443,7.852892654632654e-06,0.0
2024-11-07,THYAO.IS,WeeklyPartial,278.110875,0.000125885009765625,0.03500999021530152,3.562145553942668e-05,0.0
2024-11-07,AEFES.IS,WeeklyPartial,19.550219466209413,1.10546875,21.612156675536188,0.00810683876330272,0.0
2024-11-07,GOLTS.IS,WeeklyPartial,425.78700000000003,3.941853841145832e-05,0.016783901214599606,4.163314342195185e-06,0.0
2024-11-08,THYAO.IS,WeeklyPartial,281.85900000000004,6.29425048828125e-05,0.01774091148376465,1.8279055049768813e-05,0.0
2024-11-08,AEFES.IS,WeeklyPartial,20.38979961872101,0.552734375,11.270143148628996,0.004577492477538153,0.0
2024-11-08,GOLTS.IS,WeeklyPartial,441.27925000000005,1.970926920572916e-05,0.008697291533152261,2.415425737517802e-06,0.0
2024-11-11,THYAO.IS,WeeklyPartial,290.604625,3.147125244140625e-05,0.009145691514015198,9.685909351615783e-06,0.0
2024-11-11,AEFES.IS,WeeklyPartial,20.349820610046386,0.2763671875,5.624022688128054,0.002276268619578152,0.0
2024-11-11,GOLTS.IS,WeeklyPartial,454.022875,9.85463460286458e-06,0.00447422953446706,1.3449886501091478e-06,0.0
2024-11-12,THYAO.IS,WeeklyPartial,289.35525,1.5735626220703125e-05,0.004553186058998108,4.803927402469937e-06,0.0
2024-11-12,AEFES.IS,WeeklyPartial,20.189900762557986,0.13818359375,2.789913044826128,0.0011131784764132294,0.0
2024-11-12,GOLTS.IS,WeeklyPartial,425.78700000000003,4.92731730143229e-06,0.0020979876518249507,5.204142927743982e-07,0.0
2024-11-13,THYAO.IS,WeeklyPartial,285.857,7.867813110351562e-06,0.002249069452285767,2.3473255185618306e-06,0.0
2024-11-13,AEFES.IS,WeeklyPartial,21.169410305023195,0.069091796875,1.4626325967581943,0.0006330165151072717,0.0
2024-11-13,GOLTS.IS,WeeklyPartial,409.54512500000004,2.463658650716145e-06,0.001008979390064875,2.1646731409422813e-07,0.0
2024-11-14,THYAO.IS,WeeklyPartial,285.35725,3.933906555175781e-06,0.0011225687563419344,1.1697600319471196e-06,0.0
2024-11-14,AEFES.IS,WeeklyPartial,21.579205152511598,0.0345458984375,0.7454730295606423,0.0003324955976068193,0.0
2024-11-14,GOLTS.IS,WeeklyPartial,409.795,1.2318293253580726e-06,0.0005047974983851114,1.0857011729552151e-07,0.0
2024-11-15,THYAO.IS,WeeklyPartial,287.606125,1.9669532775878906e-06,0.0005657078102231026,5.936611524745999e-07,0.0
2024-11-15,AEFES.IS,WeeklyPartial,21.80908969497681,0.01727294921875,0.37670729880849835,0.00017073204546474158,0.0
2024-11-15,GOLTS.IS,WeeklyPartial,428.28575,6.159146626790363e-07,0.00026378747324148807,6.67340878388371e-08,0.0
2024-11-18,THYAO.IS,WeeklyPartial,290.85450000000003,9.834766387939453e-07,0.0002860486060380936,3.031725081547178e-07,0.0
2024-11-18,AEFES.IS,WeeklyPartial,21.289349237442018,0.008636474609375,0.183864924139285,8.029685978112054e-05,0.0
2024-11-18,GOLTS.IS,WeeklyPartial,419.29025,3.0795733133951814e-07,0.0001291235064466794,3.033890168375133e-08,0.0
2024-11-19,THYAO.IS,WeeklyPartial,289.35525,4.917383193969727e-07,0.00014228706434369089,1.5012273132718554e-07,0.0
2024-11-19,AEFES.IS,WeeklyPartial,21.579205152511598,0.0043182373046875,0.09318412869508029,4.1561949700852415e-05,0.0
2024-11-19,GOLTS.IS,WeeklyPartial,415.29225,1.5397866566975907e-07,6.394614651799201e-05,1.4496530345060728e-08,0.0
2024-11-20,THYAO.IS,WeeklyPartial,280.35975,2.4586915969848633e-07,6.89318161457777e-05,7.067079741307275e-08,0.0
2024-11-20,AEFES.IS,WeeklyPartial,21.0694599237442,0.00215911865234375,0.04549146391616523,1.9538055624693574e-05,0.0
2024-11-20,GOLTS.IS,WeeklyPartial,415.79200000000003,7.698933283487954e-08,3.201154867808023e-05,7.290322703581298e-09,0.0
2024-11-21,THYAO.IS,WeeklyPartial,271.86400000000003,1.2293457984924316e-07,3.3421486616134646e-05,3.3262074810457476e-08,0.0
2024-11-21,AEFES.IS,WeeklyPartial,19.740125000000003,0.001079559326171875,0.021310636043548586,8.148359446156513e-06,0.0
2024-11-21,GOLTS.IS,WeeklyPartial,417.541125,3.849466641743977e-08,1.607310632243752e-05,3.718762031129783e-09,0.0
2024-11-22,THYAO.IS,WeeklyPartial,279.36025,6.146728992462158e-08,1.7171517480164766e-05,1.754573912408707e-08,0.0
2024-11-22,AEFES.IS,WeeklyPartial,19.550219466209413,0.0005397796630859375,0.010552810876726654,3.958417364893906e-06,0.0
2024-11-22,GOLTS.IS,WeeklyPartial,437.781,1.9247333208719884e-08,8.4261167794466e-06,2.285213517455594e-09,0.0
2024-11-25,THYAO.IS,WeeklyPartial,281.35925000000003,3.073364496231079e-08,8.647195296362043e-06,8.89482979122465e-09,0.0
2024-11-25,GOLTS.IS,WeeklyPartial,449.77500000000003,9.623666604359942e-09,4.3284846469759934e-06,1.268779351880598e-09,0.0
2024-11-26,THYAO.IS,WeeklyPartial,295.85200000000003,1.5366822481155396e-08,4.546305164694787e-06,4.889520726393855e-09,0.0
2024-11-26,GOLTS.IS,WeeklyPartial,468.26575,4.811833302179971e-09,2.253216730120281e-06,7.316477164955829e-10,0.0
2024-11-27,THYAO.IS,WeeklyPartial,299.10037500000004,7.683411240577698e-09,2.298111183336005e-06,2.4943067063017543e-09,0.0
2024-11-27,GOLTS.IS,WeeklyPartial,485.757,2.4059166510899855e-09,1.168690854683518e-06,4.118242828347501e-10,0.0
2024-11-28,THYAO.IS,WeeklyPartial,290.85450000000003,3.841705620288849e-09,1.117377367336303e-06,1.1842676099793664e-09,0.0
2024-11-28,GOLTS.IS,WeeklyPartial,472.51362500000005,1.2029583255449927e-09,5.684141991271947e-07,1.884976949665979e-10,0.0
2024-11-29,THYAO.IS,WeeklyPartial,287.106375,1.9208528101444244e-09,5.514890872291289e-07,5.778415906325215e-10,0.0
2024-11-29,AEFES.IS,Stop,20.188435391259777,0.0005397796630859375,0.010897306853726418,4.347460164437108e-06,6.837963584077208
2024-11-29,GOLTS.IS,WeeklyPartial,485.25725,6.014791627724964e-10,2.91872124459284e-07,1.0262749624735209e-10,0.0
2024-11-29,ASELS.IS,ENTRY,69.93495152664184,233.0,16294.843705707548,0.0,0.0
2024-12-02,THYAO.IS,WeeklyPartial,284.35775,9.604264050722122e-10,2.7310469158692284e-07,2.8368031671863487e-10,0.0
2024-12-03,THYAO.IS,WeeklyPartial,286.106875,4.802132025361061e-10,1.373922987113474e-07,1.4350758336765295e-10,0.0
2024-12-04,THYAO.IS,WeeklyPartial,288.35575,2.4010660126805305e-10,6.92361190886004e-08,7.28257077606136e-11,0.0
2024-12-05,THYAO.IS,WeeklyPartial,290.35475,1.2005330063402653e-10,3.485804609226762e-08,3.6889261025545516e-11,0.0
2024-12-06,THYAO.IS,WeeklyPartial,295.85200000000003,6.002665031701326e-11,1.775900454958901e-08,1.9099690337475996e-11,0.0
2024-12-09,THYAO.IS,WeeklyPartial,303.59812500000004,3.001332515850663e-11,9.111989243137943e-09,1.0011364590688007e-11,0.0
2024-12-10,THYAO.IS,WeeklyPartial,300.34975000000003,1.5006662579253316e-11,4.507247354013089e-09,4.908912093967388e-12,0.0
2024-12-11,THYAO.IS,WeeklyPartial,299.35025,7.503331289626658e-12,2.2461240973825625e-09,2.439568323694984e-12,0.0
2024-12-12,THYAO.IS,WeeklyPartial,302.8485,3.751665644813329e-12,1.1361863130332495e-09,1.2458376776027342e-12,0.0
2024-12-13,THYAO.IS,WeeklyPartial,297.601125,1.8758328224066645e-12,5.582499582601486e-10,6.033787019849355e-13,0.0
2024-12-18,THYAO.IS,Stop,291.182403327509,1.8758328224066645e-12,5.46209509468997e-10,5.794767129585993e-13,30.582786428322983
2024-12-18,GARAN.IS,ENTRY,129.9649438934326,124.0,16115.653042785643,0.0,0.0
2024-12-19,GOLTS.IS,Stop,438.2381946736398,6.014791627724964e-10,2.6359114242723114e-07,7.171351770536296e-11,3.696086558707812
2024-12-19,EKGYO.IS,ENTRY,13.526760457992554,1035.0,14000.197074022293,0.0,0.0
2024-12-20,EKGYO.IS,Stop,12.812073271023339,1035.0,13260.495835509155,-1.0090490481807755,-1.0090490481807755
2024-12-20,CIMSA.IS,ENTRY,44.10204183197021,301.0,13274.714591423033,0.0,0.0
2025-01-07,ASELS.IS,TP1,77.54135441914906,77.66666666666667,6022.378526553911,0.6632841427352216,1.9898524282056647
2025-01-15,CIMSA.IS,TP1,49.361689662950305,100.33333333333333,4952.622862849347,0.6635514007237009,1.990654202171103
2025-01-17,ASELS.IS,TP2,81.36203960328432,77.66666666666667,6319.118409188415,0.9964508094018876,2.9893524282056623
2025-01-23,CIMSA.IS,TP2,52.00253908889834,100.33333333333333,5217.588088586133,0.9967180673903673,2.990154202171102
2025-02-03,GARAN.IS,Stop,122.83586786358437,124.0,15231.647615084461,-1.0086943828572437,-1.0086943828572437
2025-02-03,BIMAS.IS,ENTRY,547.2735,32.0,17512.752,0.0,0.0
2025-02-20,BIMAS.IS,Stop,521.9295634189472,32.0,16701.74602940631,-1.0104093203299553,-1.0104093203299553
2025-02-20,KRDMD.IS,ENTRY,28.314149236679075,612.0,17328.259332847592,0.0,0.0
2025-02-21,KRDMD.IS,Stop,27.51547037146993,612.0,16839.467867339597,-1.0175364602369714,-1.0175364602369714
2025-02-21,KRDMD.IS,ENTRY,28.554270915985107,595.0,16989.791195011137,0.0,0.0
2025-02-24,KRDMD.IS,Stop,27.580830176498665,595.0,16410.593955016706,-1.0143775420901369,-1.0143775420901369
2025-02-24,SAHOL.IS,ENTRY,101.75084694671631,161.0,16381.886358421325,0.0,0.0
2025-02-28,CIMSA.IS,Stop,44.07999081105423,100.33333333333336,4422.692411375776,-0.0027819326096326135,-0.008345797828897838
2025-02-28,AKSA.IS,ENTRY,13.036514732837677,1095.0,14274.983632457257,0.0,0.0
2025-03-03,SAHOL.IS,Stop,98.9611725777663,161.0,15932.748785020374,-1.0180665274355376,-1.0180665274355376
2025-03-03,OYAKC.IS,ENTRY,27.813899236679077,586.0,16298.944952693939,0.0,0.0
2025-03-07,OYAKC.IS,Stop,26.33764444293646,586.0,15433.859643560765,-1.009005259777541,-1.0090052597775407
2025-03-07,KRDMD.IS,ENTRY,31.61580038166046,279.0,8820.808306483268,0.0,0.0
2025-03-24,KRDMD.IS,Stop,28.02553542574751,279.0,7819.1243837835555,-1.0039202506826703,-1.0039202506826703
2025-03-24,OYAKC.IS,ENTRY,30.135060839653015,512.0,15429.151149902344,0.0,0.0
2025-04-04,OYAKC.IS,Stop,28.69181913672335,512.0,14690.211398002355,-1.0100449299843797,-1.0100449299843797
2025-04-04,TKFEN.IS,ENTRY,127.96395152664184,61.0,7805.801043125152,0.0,0.0
2025-05-12,AKSA.IS,WeeklyPartial,9.755120228767396,547.5,5340.928325250149,-1.8264383451231694,0.0
2025-05-13,AKSA.IS,WeeklyPartial,10.304845419406892,273.75,2820.951433562637,-0.7602294655606896,0.0
2025-05-14,AKSA.IS,WeeklyPartial,10.404794847488404,136.875,1424.1562947499754,-0.36620666200473667,0.0
2025-05-15,AKSA.IS,WeeklyPartial,10.304845419406892,68.4375,705.2378583906592,-0.1900573663901724,0.0
2025-05-16,AKSA.IS,WeeklyPartial,10.134930343151092,34.21875,346.8046476797014,-0.10093964975029564,0.0
2025-05-20,AKSA.IS,WeeklyPartial,10.304845419406892,17.109375,176.3094645976648,-0.0475143415975431,0.0
2025-05-21,AKSA.IS,WeeklyPartial,9.885055343151093,8.5546875,84.56355938086287,-0.027408060931118108,0.0
2025-05-22,AKSA.IS,WeeklyPartial,9.895049618721009,4.27734375,42.32452864257619,-0.013660570645851543,0.0
2025-05-23,AKSA.IS,WeeklyPartial,9.815089694976807,2.138671875,20.991256281249225,-0.0070041370366112354,0.0
2025-05-26,AKSA.IS,WeeklyPartial,9.715140266895295,1.0693359375,10.38874862524448,-0.003610725321240056,0.0
2025-05-27,AKSA.IS,WeeklyPartial,9.445274809360505,0.53466796875,5.0500858966063245,-0.0019520504326313703,0.0
2025-05-28,AKSA.IS,WeeklyPartial,9.22538454246521,0.267333984375,2.466258807128761,-0.0010357868724248077,0.0
2025-05-29,AKSA.IS,WeeklyPartial,9.285354961872102,0.1336669921875,1.2411454691467225,-0.0005097440723685257,0.0
2025-05-30,AKSA.IS,WeeklyPartial,9.075459923744202,0.06683349609375,0.6065447153625427,-0.0002691333257637416,0.0
2025-05-30,TKFEN.IS,Stop,112.61166942038324,61.0,6869.311834643378,-1.0036829362472985,-1.0036829362472985
2025-05-30,EKGYO.IS,ENTRY,13.986989542007446,1088.0,15217.844621704102,0.0,0.0
2025-06-02,AKSA.IS,WeeklyPartial,9.045475190639497,0.033416748046875,0.3022703654098587,-0.00013558531717113752,0.0
2025-06-03,AKSA.IS,WeeklyPartial,9.075459923744202,0.0167083740234375,0.15163617884063568,-6.72833314409354e-05,0.0
2025-06-03,EKGYO.IS,TP1,15.155844350114227,362.6666666666667,5496.51955097476,0.6623702382036246,1.9871107146108735
2025-06-04,AKSA.IS,WeeklyPartial,9.22538454246521,0.00835418701171875,0.07707058772277378,-3.236833976327524e-05,0.0
2025-06-05,AKSA.IS,WeeklyPartial,9.47525954246521,0.004177093505859375,0.0395790451011635,-1.512306221877424e-05,0.0
2025-06-10,AKSA.IS,WeeklyPartial,9.535229961872101,0.0020885467529296875,0.019914773575305845,-7.434197299326524e-06,0.0
2025-06-10,EKGYO.IS,TP2,15.743768501553118,362.6666666666667,5709.740043229931,0.9955369048702908,2.986610714610872
2025-06-11,AKSA.IS,WeeklyPartial,9.565214694976808,0.0010442733764648438,0.009988699046134572,-3.6852657031236747e-06,0.0
2025-06-12,AKSA.IS,WeeklyPartial,9.605194656848909,0.0005221366882324219,0.005015224527954843,-1.8214107185435922e-06,0.0
2025-06-13,AKSA.IS,WeeklyPartial,8.9955,0.00026106834411621094,0.0023484402894973755,-1.0725241867828608e-06,0.0
2025-06-16,AKSA.IS,WeeklyPartial,9.005495228767396,0.00013053417205810547,0.0011755248636603711,-5.349356784543172e-07,0.0
2025-06-17,AKSA.IS,WeeklyPartial,9.1654150762558,6.526708602905273e-05,0.0005981999342739642,-2.5685677271803605e-07,0.0
2025-06-18,AKSA.IS,WeeklyPartial,8.9955,3.263354301452637e-05,0.00029355503618717194,-1.340655233478576e-07,0.0
2025-06-19,AKSA.IS,WeeklyPartial,8.855569656848909,1.6316771507263184e-05,0.00014449430665745667,-6.93539403786675e-08,0.0
2025-06-20,AKSA.IS,WeeklyPartial,8.68565458059311,8.158385753631592e-06,7.08609205912758e-05,-3.608625443654364e-08,0.0
2025-06-23,AKSA.IS,WeeklyPartial,8.785604961872101,4.079192876815796e-06,3.583817717898619e-05,-1.762863045629218e-08,0.0
2025-06-24,AKSA.IS,WeeklyPartial,8.985504771232605,2.039596438407898e-06,1.8326803528703197e-05,-8.399820442633489e-09,0.0
2025-06-25,AKSA.IS,WeeklyPartial,8.965515266895295,1.019798219203949e-06,9.143016503425639e-06,-4.220634466475613e-09,0.0
2025-06-26,AKSA.IS,WeeklyPartial,8.945524809360505,5.098991096019745e-07,4.561315135215294e-06,-2.1206798499340023e-09,0.0
2025-06-27,AKSA.IS,WeeklyPartial,8.885555343151093,2.5494955480098724e-07,2.265368378895905e-06,-1.0758833558945333e-09,0.0
2025-06-30,AKSA.IS,WeeklyPartial,8.875560114383697,1.2747477740049362e-07,1.1314100498857614e-06,-5.392370050342912e-10,0.0
2025-07-01,AKSA.IS,WeeklyPartial,9.175410305023194,6.373738870024681e-08,5.848166930955134e-07,-2.5018902856394493e-10,0.0
2025-07-02,AKSA.IS,WeeklyPartial,9.295350190639496,3.1868694350123405e-08,2.962306741028514e-07,-1.2120862566779184e-10,0.0
2025-07-03,AKSA.IS,WeeklyPartial,9.445274809360505,1.5934347175061703e-08,1.5050428797621502e-07,-5.817563631032021e-11,0.0
2025-07-04,AKSA.IS,WeeklyPartial,9.43527958059311,7.967173587530851e-09,7.517251026547058e-08,-2.916877609809914e-11,0.0
2025-07-07,AKSA.IS,WeeklyPartial,9.365314885616304,3.983586793765426e-09,3.7307544697795866e-08,-1.486773312876177e-11,0.0
2025-07-08,AKSA.IS,WeeklyPartial,9.405294847488404,1.991793396882713e-09,1.8733404172962407e-08,-7.352910551585456e-12,0.0
2025-07-09,AKSA.IS,WeeklyPartial,9.085455152511598,9.958966984413564e-10,9.04817479022331e-09,-4.000279326974447e-12,0.0
2025-07-10,AKSA.IS,WeeklyPartial,9.245375000000001,4.979483492206782e-10,4.603719219176129e-09,-1.9191836506917936e-12,0.0
2025-07-11,AKSA.IS,WeeklyPartial,9.375310114383698,2.489741746103391e-10,2.334210097444645e-09,-9.267033848307663e-13,0.0
2025-07-14,AKSA.IS,WeeklyPartial,9.345325381278991,1.2448708730516955e-10,1.1633723366344947e-09,-4.671464753566754e-13,0.0
2025-07-16,AKSA.IS,WeeklyPartial,9.2053950381279,6.224354365258478e-11,5.729764078950013e-10,-2.424278317363314e-13,0.0
2025-07-17,AKSA.IS,WeeklyPartial,9.145424618721009,3.112177182629239e-11,2.846218182383923e-10,-1.2311133749730544e-13,0.0
2025-07-18,AKSA.IS,WeeklyPartial,9.325334923744203,1.5560885913146194e-11,1.451104728502614e-10,-5.870955138418996e-14,0.0
2025-07-21,AKSA.IS,WeeklyPartial,9.51524045753479,7.780442956573097e-12,7.403278559792594e-11,-2.785265651871222e-14,0.0
2025-07-22,AKSA.IS,WeeklyPartial,9.555220419406892,3.8902214782865485e-12,3.717192370533889e-11,-1.3768211046865036e-14,0.0
2025-07-23,AKSA.IS,WeeklyPartial,9.43527958059311,1.9451107391432743e-12,1.8352663639030904e-11,-7.121283227074986e-15,0.0
2025-07-24,AKSA.IS,WeeklyPartial,9.445274809360505,9.725553695716371e-13,9.18605273292328e-12,-3.5507590521435673e-15,0.0
2025-07-24,AKFGY.IS,ENTRY,2.901450095415115,4439.0,12879.536973547696,0.0,0.0
2025-09-03,AKFGY.IS,Stop,2.6645726925704065,4439.0,11828.038182320035,-1.0056590287844687,-1.0056590287844687
2025-09-03,ECILC.IS,ENTRY,62.98147576332092,273.0,17193.94288338661,0.0,0.0
2025-09-04,ECILC.IS,Stop,59.62362575948471,273.0,16277.249832339327,-1.0089622949585944,-1.0089622949585944
2025-09-04,YUNSA.IS,ENTRY,8.174085076332092,866.0,7078.7576761035925,0.0,0.0
2025-09-30,YUNSA.IS,Stop,7.294771578889007,866.0,6317.27218731788,-1.0041673623654812,-1.004167362365481
2025-09-30,YKBNK.IS,ENTRY,34.297138778686524,507.0,17388.64936079407,0.0,0.0
2025-10-03,YKBNK.IS,Stop,33.22016396895294,507.0,16842.62313225914,-1.015672457759757,-1.0156724577597571
2025-10-03,TOASO.IS,ENTRY,269.63475,51.0,13751.37225,0.0,0.0
2025-10-13,TOASO.IS,Stop,254.1925794977945,51.0,12963.82155438752,-1.008302956670086,-1.008302956670086
2025-10-13,AKSA.IS,ENTRY,12.066030419826507,1428.0,17230.291439512253,0.0,0.0
2025-10-14,AKSA.IS,Stop,11.416945812666645,1428.0,16303.39862048797,-1.0088771616115937,-1.0088771616115937
2025-10-14,AKSEN.IS,ENTRY,45.26262167930603,171.0,7739.908307161331,0.0,0.0
2025-11-04,AKSEN.IS,TP1,56.92246293816951,57.0,3244.580387475662,0.6650425109753512,1.9951275329260532
2025-12-03,AKSEN.IS,TP2,62.76369922302108,57.0,3577.5308557122016,0.998209177642018,2.994627532926054
